Top queries,Clicks,Impressions,CTR,Position
melissani cave,5966,92807,6.43%,6.28
melissani cave tickets,5534,12447,44.46%,1.09
melissani cave lake tickets,1401,2290,61.18%,1.39
εισιτήρια για σπήλαιο μελισσάνης,1035,1980,52.27%,1.25
melissani cave opening times,1008,3202,31.48%,1.95
melissani cave tickets online,402,895,44.92%,1.13
melissani lake,354,15035,2.35%,8.18
biglietti per grotta lago melissani,314,597,52.6%,1.24
melissani cave kefalonia,254,5719,4.44%,6.32
melissani cave lake,246,4523,5.44%,5.15
melissani cave entrance fee,242,660,36.67%,1.27
melissani caves,234,3267,7.16%,5.38
melissani cave price,208,363,57.3%,1.04
melissani cave opening hours,176,535,32.9%,1.7
tickets für melissani-höhlensee,175,351,49.86%,1.04
melissani,171,9710,1.76%,9.54
εισιτήρια σπήλαιο μελισσάνης,150,331,45.32%,1.2
melisani cave,142,2561,5.54%,5.87
μελισσανη,96,5882,1.63%,12.23
messalini cave,83,1669,4.97%,6.9
mellisani cave,83,1455,5.7%,6.17
lake melissani,82,3133,2.62%,8.48
melissani caves kefalonia,80,1375,5.82%,6.39
melissani lake tickets,78,172,45.35%,1.21
melissani cave tour,74,778,9.51%,4.78
σπηλαιο μελισσανη,73,4886,1.49%,9.23
kefalonia melissani cave,66,2636,2.5%,6.77
melissani lake cave,66,2252,2.93%,5.92
melissani lake opening times,66,187,35.29%,2.22
kefalonia caves,60,5929,1.01%,11.9
melissani cave tickets price,59,156,37.82%,1.05
melissani caves opening times,58,109,53.21%,1.78
melissani lake kefalonia,57,2118,2.69%,8
melissani cave official website,52,85,61.18%,1.16
melissani cave hours,44,159,27.67%,1.75
melissani cave ticket,44,71,61.97%,1.27
σπήλαιο μελισσάνησ,41,4142,0.99%,13.21
caves in kefalonia,39,2856,1.37%,11.76
cave melissani,35,966,3.62%,6.33
melisanni cave,35,673,5.2%,6.17
drogarati cave opening times,33,983,3.36%,7.44
billets pour grotte de melissani,32,46,69.57%,1.22
melissani kefalonia,29,2110,1.37%,8.48
drogarati cave and melissani lake tickets,29,159,18.24%,4.53
drogarati cave tickets,28,856,3.27%,11.41
kefalonia cave,27,3858,0.7%,9.8
λιμνη μελισσανη,27,479,5.64%,7.46
messalini lake,27,451,5.99%,7.81
tickets voor melissani grotmeer,25,36,69.44%,1.36
kefalonia caves melissani,24,726,3.31%,7.69
σπηλαιο μελισσανη εισητηρια,24,410,5.85%,5.82
λιμνη μελισσανη ωραριο,23,776,2.96%,4.82
melissani cave boat trip,23,184,12.5%,6.14
grotta di melissani biglietti,23,92,25%,2.48
cave kefalonia,22,1853,1.19%,9.65
melisani lake,22,848,2.59%,8.02
melissani caves tickets,22,39,56.41%,1.05
σπήλαιο μελισσάνης,21,1801,1.17%,11.47
melisani,21,1116,1.88%,11.61
melissani höhle öffnungszeiten,21,141,14.89%,6.43
messalini cave tickets,20,42,47.62%,2.33
cave of melissani,19,1001,1.9%,7.03
melisani caves,19,273,6.96%,5.76
melissani cave program,19,129,14.73%,2.91
caves kefalonia,18,1049,1.72%,10.6
melissani lake cave kefalonia,18,614,2.93%,6.78
μελισσανη κεφαλονια,18,253,7.11%,14.42
melissani cave how to get there,18,234,7.69%,4.18
melissani cave kefalonia opening times,18,48,37.5%,2.02
best time to visit melissani cave,17,249,6.83%,6.94
melissani cave best time to visit,17,233,7.3%,5.73
melissani lake greece,16,2054,0.78%,9.03
melissani cave directions,16,312,5.13%,3.13
what time does melissani cave open,16,53,30.19%,2.13
melissani cave history,15,223,6.73%,4.83
melassani cave,15,214,7.01%,5.97
melissani cave kefalonia tickets,15,41,36.59%,1.02
lake melissani tickets,15,35,42.86%,1.17
sami caves,14,561,2.5%,8.91
grotte melissani,14,493,2.84%,11.35
melissani cave kefalonia greece,13,1230,1.06%,6.85
grotte de melissani,13,281,4.63%,11.64
how to get to melissani cave,13,143,9.09%,4.41
melissani höhle,12,2347,0.51%,17.25
kefalonia,12,1257,0.95%,3.73
melissani cave greece,12,1220,0.98%,7.39
melissani cave map,12,607,1.98%,3.77
kefalonia cave melissani,12,540,2.22%,6.68
sami kefalonia,12,387,3.1%,2.25
caves kefalonia greece,12,358,3.35%,9.71
melissani cabe,12,116,10.34%,6.81
melissani cave cost,12,38,31.58%,1.79
jaskinia melissani,11,487,2.26%,13.73
mellisani lake,11,459,2.4%,8.02
melissani cave reviews,10,667,1.5%,4.94
σπηλιά μελισσάνη,10,512,1.95%,10.38
things to do in kefalonia,10,268,3.73%,1.84
λίμνη μελισσάνη,10,214,4.67%,9.29
melissani cave tickets online prices,10,20,50%,1.05
drogarati cave entrance fee,9,708,1.27%,8.37
melissa cave,9,608,1.48%,11.67
μελισσανη τηλεφωνο,9,303,2.97%,4.39
messalini caves,9,137,6.57%,6.79
caves near me,9,89,10.11%,1.44
σπήλαιο μελισσάνησ εισιτήρια,9,85,10.59%,5.51
melissani cave website,9,27,33.33%,2.04
mellisani,8,575,1.39%,7.58
melissani cave in kefalonia,8,541,1.48%,6.79
melissani cave maps,8,215,3.72%,2.54
melissani cave tour kefalonia,8,62,12.9%,4.98
melissani lake entrance fee,8,17,47.06%,1.53
kefalonia cave lake,7,395,1.77%,8.18
mellisani caves,7,114,6.14%,5.51
melissani caves greece,7,82,8.54%,6.5
cueva melissani,7,69,10.14%,6.83
lac melissani,7,30,23.33%,13.6
σπηλαιο μελισσανης,6,758,0.79%,17.64
σπηλια μελισσανησ,6,596,1.01%,11.73
μελισσανη σπηλαιο,6,474,1.27%,9.84
grotta melissani,6,370,1.62%,10.73
lake kefalonia,6,327,1.83%,9.51
lago melissani,6,228,2.63%,18.68
drogarati cave tickets price,6,205,2.93%,9.97
sami caves kefalonia,6,161,3.73%,7.94
λιμνη μελισσανη εισητηρια,6,143,4.2%,5.97
grotta di melissani,6,127,4.72%,17.02
σπηλαιο κεφαλονιασ,6,85,7.06%,5.09
drogarati cave and melissani lake,6,66,9.09%,10.86
melissani cave tours,6,63,9.52%,4.06
melissa i cave,6,55,10.91%,6.33
grotten kefalonia,6,49,12.24%,16.16
grotte cefalonia,6,32,18.75%,3.19
melissani tickets,6,16,37.5%,1.25
kefalonia melissani,5,1121,0.45%,10.85
grotta lago melissani,5,523,0.96%,15.83
σπηλαιο μελισσάνης,5,269,1.86%,9.36
sami to melissani cave,5,156,3.21%,8.72
σπηλαιο μελισσανη ωραριο,5,115,4.35%,6.43
cave melissani kefalonia,5,74,6.76%,6.01
kefalonia lake,4,689,0.58%,11.26
melissani underground lake,4,461,0.87%,9.16
melissani cave sami,4,420,0.95%,5
λίμνη μελισσάνη αξιολογήσεις,4,395,1.01%,6.86
μελισσανη κεφαλονια ωραριο,4,312,1.28%,10.71
melissani cave orari,4,265,1.51%,5.69
κεφαλονια,4,145,2.76%,2.68
melisanni lake,4,135,2.96%,8.28
μελισανι,4,124,3.23%,5.91
λιμνη μελισσανη δρομολογια,4,111,3.6%,4.53
drogarati cave,4,90,4.44%,4.34
kefalonia melissani cave tour,4,85,4.71%,5.61
mellissani cave,4,76,5.26%,6.55
מערת מליסאני,4,65,6.15%,3.2
melissani see,4,50,8%,26.26
lago melissani cefalonia orari,4,39,10.26%,5.44
melissini cave,4,37,10.81%,6.51
melissani lakes,4,29,13.79%,6.79
melassini cave,4,27,14.81%,5.85
caves,4,21,19.05%,1.29
cave in kefalonia,3,776,0.39%,11.51
melissani-höhlensee,3,652,0.46%,13.55
μελισσανη ωραριο,3,540,0.56%,11
blue caves kefalonia,3,358,0.84%,6.71
lake melissani kefalonia,3,320,0.94%,8.55
melissani cave lake tours,3,190,1.58%,7.11
argostoli to melissani cave,3,183,1.64%,8.74
caves sami kefalonia,3,159,1.89%,9.69
"melissani cave, kefalonia, greece",3,148,2.03%,8.46
melisanni,3,145,2.07%,8.41
melissani beach,3,108,2.78%,6.58
melissani barlang,3,107,2.8%,9.38
εισιτήρια για σπήλαιο μελισσάνησ,3,87,3.45%,5.54
kefalonia cave tour,3,80,3.75%,12.45
caves near sami,3,75,4%,10.33
lago di melissani,3,66,4.55%,22.98
things to do kefalonia,3,58,5.17%,1.59
melissani cave and lake,3,46,6.52%,5.59
melissani cave trip,3,46,6.52%,7.46
what to see in kefalonia,3,42,7.14%,1.33
мелиссани,3,41,7.32%,19.95
melissani cave google maps,3,40,7.5%,1.98
melisani cave kefalonia,3,35,8.57%,6.54
σπήλαιο κεφαλονιά,3,29,10.34%,2.03
melissani.cave,3,28,10.71%,6.57
grotte di melissani,3,22,13.64%,22.59
σαμη,3,16,18.75%,1.31
melissani cave entrance,3,7,42.86%,1.71
lac de melissani,3,6,50%,34.67
melissani cave lake photos,2,381,0.52%,8.36
where is melissani cave,2,376,0.53%,8.84
kefalonia melissani lake,2,357,0.56%,7.89
sami cave,2,228,0.88%,7.41
kefalonia underground lake,2,221,0.9%,10.95
lake in kefalonia,2,220,0.91%,10.1
pestera melissani,2,212,0.94%,11.67
μελισσανι,2,193,1.04%,10.84
melissani cave location,2,145,1.38%,8.34
jeskyně melissani,2,143,1.4%,36.48
cave lake kefalonia,2,135,1.48%,7.47
σπήλαιο μελισσάνη,2,125,1.6%,11.36
σπηλαιο μελισανης,2,118,1.69%,8.42
σπηλαιο μελισσανησ κεφαλονια τιμεσ,2,117,1.71%,8.18
melissani lake and drogarati cave tours,2,116,1.72%,11.93
kefalonia things to do,2,112,1.79%,1.69
μελισσανη ωρες λειτουργιας,2,112,1.79%,5.37
kefalonia lake cave,2,112,1.79%,7.71
caves in kefalonia greece,2,104,1.92%,11.56
λιμνη μελισσανη τηλ,2,94,2.13%,4.22
kefalonia greece,2,80,2.5%,5.16
what to do in kefalonia,2,77,2.6%,1.53
melisani kefalonia,2,77,2.6%,8.16
sami kefalonia cave,2,76,2.63%,9.45
lake cave kefalonia,2,67,2.99%,6.69
קפלוניה,2,62,3.23%,2.95
jaskinia melissani godziny otwarcia,2,62,3.23%,4.11
caverna melissani,2,60,3.33%,14.63
melissani grotmeer,2,58,3.45%,5.24
пещера мелиссани,2,58,3.45%,10.03
κεφαλονια μελισσανη,2,58,3.45%,17.1
μελισσανη λιμνη,2,58,3.45%,17.95
melissana cave,2,56,3.57%,6.05
argostoli grotte,2,51,3.92%,7.04
cueva de melissani,2,48,4.17%,9.29
melissani lake tour,2,43,4.65%,5.58
kefalonia attractions,2,42,4.76%,1.1
cenote kefalonia,2,39,5.13%,3.92
melissani cave from argostoli,2,38,5.26%,8.11
melissani cave weather,2,32,6.25%,2.56
melissiani cave,2,32,6.25%,5.69
best things to do in kefalonia,2,28,7.14%,1.5
σπήλαιο μελισσανη πληροφορίεσ,2,28,7.14%,5.96
κεφαλονια σπηλαιο,2,25,8%,4.08
mount ainos,2,24,8.33%,4.58
kefalonia caves tour,2,24,8.33%,4.62
μελισσανη κεφαλονια εισητηρια,2,24,8.33%,7.75
μελισσάνη κεφαλονιά,2,24,8.33%,13.79
melisani pecina,2,23,8.7%,8.09
κεφαλονια λιμνη μελισσανη,2,23,8.7%,9.52
jaskinia kefalonia,2,21,9.52%,2.71
melissani cave ticket price,2,20,10%,1
מערת מליסאני קפלוניה,2,19,10.53%,3.32
höhle kefalonia,2,15,13.33%,2.93
kefallonia,2,14,14.29%,3.93
melissani cave parking,2,14,14.29%,3.93
visit melissani cave,2,13,15.38%,4.69
kefalonia things to see,2,11,18.18%,1.09
κεφαλονιά σπήλαιο,2,11,18.18%,2.18
melissani barlang belépő,2,9,22.22%,3.11
spilia kefalonia,2,5,40%,1.4
grotta melissani biglietti,2,3,66.67%,1
κεφαλονια τι να δω,2,2,100%,12
"melissani lake, greece",1,611,0.16%,9.06
melissani greece,1,584,0.17%,7.97
greece melissani cave,1,532,0.19%,6.53
kefalonia lake melissani,1,528,0.19%,8.54
underground lake kefalonia,1,474,0.21%,9.72
things to do in greece,1,455,0.22%,1.13
lake melissani greece,1,437,0.23%,7.68
greece melissani lake,1,219,0.46%,7.93
kefalonia blue caves,1,217,0.46%,9.4
grotta di melissani recensioni,1,195,0.51%,5.94
melissani kefalonia greece,1,176,0.57%,6.83
"melissani cave, kefalonia",1,164,0.61%,6.26
melissani mağarası,1,145,0.69%,11.7
myrtos beach,1,143,0.7%,2.8
cave kefalonia greece,1,126,0.79%,10.33
σπήλαιο μελισσάνησ κεφαλονιά,1,107,0.93%,14.27
σπηλαιο μελισσανησ,1,106,0.94%,17.05
мелисани,1,96,1.04%,9.79
caverna de melissanthi,1,93,1.08%,9.71
blue cave kefalonia,1,84,1.19%,3.71
sami kefalonia nightlife,1,75,1.33%,33.17
kefalonia grotte,1,68,1.47%,11.74
λιμνη κεφαλονια,1,67,1.49%,22.61
cephalonia,1,62,1.61%,4.31
karavomilos,1,60,1.67%,1.93
κεφαλονια σπηλια,1,60,1.67%,2.42
cave tour kefalonia,1,58,1.72%,6.98
messini caves kefalonia,1,56,1.79%,8.39
λιμνη μελισσανη τηλεφωνο,1,55,1.82%,9.82
melissani grot,1,53,1.89%,17.32
melissani & drogarati cave,1,51,1.96%,8.45
melissani cave öffnungszeiten,1,50,2%,5.02
cave cefalonia,1,50,2%,9.86
σπήλαιο μελισσάνησ ωραριο,1,48,2.08%,9.1
κεφαλονια σπηλια μελισσανη,1,47,2.13%,11.6
melissani cave kefalonia opening hours,1,45,2.22%,1.93
кефалония,1,44,2.27%,3.14
sami nightlife,1,44,2.27%,9.7
σπηλια μελισσανη,1,44,2.27%,21.27
kefalonie co vidět,1,43,2.33%,1.91
melissani (höhle),1,43,2.33%,22.72
kefalonia höhle,1,41,2.44%,5.71
argostoli,1,38,2.63%,1
melissani cave lake reviews,1,36,2.78%,6.89
melissani rezensionen,1,35,2.86%,8.46
greece attractions,1,34,2.94%,1
cave sami kefalonia,1,33,3.03%,8.21
melissani grotmeer karavomylos,1,32,3.12%,5.41
agia efimia,1,31,3.23%,1
jezioro melissani,1,29,3.45%,5.38
σπηλαιο μελισσανησ κεφαλονια,1,29,3.45%,9.07
σαμη κεφαλονια,1,28,3.57%,1.43
things to do in cephalonia,1,27,3.7%,1.19
melissani lake and drogarati cave,1,26,3.85%,14.69
grotte melissani cefalonia,1,26,3.85%,15.88
kefalonia what to see,1,24,4.17%,1.67
things to do in sami kefalonia,1,23,4.35%,1.65
where is melissani cave assassin's creed,1,23,4.35%,5.74
cave sami,1,22,4.55%,6.73
attractions in greece,1,21,4.76%,1
greece tourist attractions,1,21,4.76%,1
things to see kefalonia,1,21,4.76%,1.14
λιμνη μελισσανη χαρτησ,1,21,4.76%,2.1
drogarati cave price,1,21,4.76%,10.57
how to visit melissani cave,1,19,5.26%,5.05
kefalonia must see,1,18,5.56%,1.44
cave,1,18,5.56%,1.83
sami,1,18,5.56%,2.17
argostoli caves,1,18,5.56%,3.22
kefalónia,1,17,5.88%,3.53
melissani höhle kefalonia,1,17,5.88%,9.24
grot kefalonia,1,17,5.88%,10.18
höhlen kefalonia,1,16,6.25%,6.25
σπήλαιο μελισσάνης αξιολογήσεις,1,16,6.25%,9.12
kefalonia sights,1,15,6.67%,1.2
cave near me,1,15,6.67%,1.6
σπήλαιο μελισσάνης καραβόμυλος,1,15,6.67%,6.2
kefalonia tourist attractions,1,14,7.14%,1.14
"things to do in sami, cephalonia",1,14,7.14%,1.71
melissani cave cefalonia,1,14,7.14%,7.29
jaskinia melissani cena,1,13,7.69%,3.15
jaskinia melissani opinie,1,13,7.69%,4.54
kefalonia messalini lake,1,13,7.69%,7.62
lake cave,1,13,7.69%,42.15
μελισανη,1,12,8.33%,3.08
σπηλαια κεφαλονιασ,1,11,9.09%,2.73
озеро мелиссани,1,11,9.09%,3.82
caverna melissani kefalonia grécia,1,11,9.09%,4.09
assassin's creed odyssey melissani cave,1,11,9.09%,10.18
things to do in melissani cave,1,10,10%,3.3
lacul melissani,1,10,10%,7.4
מערת מליסני יוון,1,9,11.11%,1.44
멜리사니 동굴,1,9,11.11%,6.22
melissani cave assassin's creed odyssey,1,9,11.11%,23.11
melissani cave assassin's creed,1,9,11.11%,40.22
things to do near me,1,8,12.5%,1.5
pestera kefalonia,1,8,12.5%,4.38
melissani lago,1,8,12.5%,7
kefalonia to do,1,7,14.29%,1.71
5 things to do in greece,1,6,16.67%,1
argostoli cave,1,6,16.67%,1.17
ac odyssey melissani cave,1,6,16.67%,3.17
cuevas melissani,1,6,16.67%,9.83
höhlen in der nähe,1,5,20%,1.2
kefalonie co videt,1,5,20%,1.4
kefalonia obiective turistice,1,5,20%,1.6
lago cefalonia,1,5,20%,1.6
obiective turistice kefalonia,1,5,20%,2.4
melissani cave lake kefalonia,1,5,20%,3.8
jaskinia na kefalonii,1,4,25%,1.75
kefalonia co vidiet,1,4,25%,1.75
caves opening hours,1,4,25%,10.25
lake cave tickets,1,4,25%,45
antisamos cefalonia mappa,1,3,33.33%,1
bilete la melissani cave lake,1,3,33.33%,1
κεφαλονια χαρτης,1,3,33.33%,1
best places to see in greece,1,3,33.33%,1.33
must do in kefalonia,1,3,33.33%,1.33
пещера мелисани,1,3,33.33%,1.33
cefalonia grotte di melissani,1,3,33.33%,1.67
assassin's creed odyssey melissani höhle,1,3,33.33%,5.33
kefalona,1,3,33.33%,6
itaca maps,1,2,50%,1
kefalonia assos,1,2,50%,1
sami kefalonia beach,1,2,50%,1
top sights in greece,1,2,50%,1
αντισαμος,1,2,50%,1
αγιος γερασιμος κεφαλονια,1,2,50%,1.5
αντισαμοσ κεφαλονια,1,2,50%,1.5
melisani jezero kefalonija,1,2,50%,2.5
παραλια μυρτοσ κεφαλονια,1,2,50%,2.5
camping κεφαλονια,1,1,100%,1
greece sights,1,1,100%,1
kefalonia horse riding,1,1,100%,1
kefalonia recommendations,1,1,100%,1
nudist beach kefalonia,1,1,100%,1
odyssey theme park,1,1,100%,1
patrikata,1,1,100%,1
sami map,1,1,100%,1
tourist attractions in kefalonia greece,1,1,100%,1
trizonia,1,1,100%,1
wyspa kefalonia mapa,1,1,100%,1
xi beach cefalonia spiaggia rossa,1,1,100%,1
αντίσαμοσ,1,1,100%,1
θεματικο παρκο οδυσσεα,1,1,100%,1
κεφαλονια αντισαμοσ,1,1,100%,1
activities kefalonia,1,1,100%,2
attractions,1,1,100%,2
boat hire kefalonia,1,1,100%,2
car hire in sami kefalonia,1,1,100%,2
cefalonia cose da fare,1,1,100%,2
karavomylos lake,1,1,100%,2
sami town kefalonia,1,1,100%,3
best of kefalonia,1,1,100%,5
jefalonia,1,1,100%,6
kefalonia market,1,1,100%,15
melissani lake kefalonia greece,0,440,0%,8.08
κεφαλονια σπηλαιο μελισσανησ,0,348,0%,15.99
γαλαζια λιμνη κεφαλονια,0,217,0%,8.61
melissani höhlensee,0,217,0%,17.56
messalini,0,216,0%,8.06
grotte di cefalonia,0,186,0%,14.05
melidoni cave,0,185,0%,66.83
melissani-höhle,0,183,0%,17.02
cefalonia,0,173,0%,1.86
melissani lake:,0,162,0%,9.33
cefalonia grotta melissani,0,132,0%,16.83
melissani cave in greece,0,127,0%,7.61
melissani cave lake greece,0,112,0%,6.34
μελισσάνη,0,111,0%,14.23
cave opening times,0,105,0%,8.76
σπήλαιο τησ μελισσάνησ,0,99,0%,10.94
caves near sami kefalonia,0,91,0%,9.15
kefalonia látnivalók,0,89,0%,1.75
kefalonia sehenswürdigkeiten,0,85,0%,1.71
מערת מליסני,0,85,0%,4.8
σπηλαιο μελισσανη τηλεφωνο,0,85,0%,7.84
melissani cave facts,0,82,0%,10.05
melissani cave kefalonia island greece,0,81,0%,4.26
hotel green bay kefalonia,0,81,0%,65.91
grotte kefalonia,0,76,0%,10.74
grotta di melissani come visitarla,0,73,0%,8.33
kefalonija,0,65,0%,2.94
fun things to do in greece,0,64,0%,1.06
underwater melissani cave,0,64,0%,22.16
kefalonia melissani höhle,0,63,0%,14.54
σπήλαιο μελισσανη,0,62,0%,15.73
lac souterrain de melissani,0,61,0%,7.16
grotte melissani kefalonia,0,61,0%,10.59
melissani hoteles sami,0,61,0%,73.38
swimming melissani cave,0,60,0%,25.88
σπηλια μελισσανη κεφαλονια,0,57,0%,9.68
famous caves in kefalonia,0,57,0%,10.16
kefalonia lakes,0,56,0%,10.43
kefalonie,0,54,0%,4.87
"melissani cave, greece",0,54,0%,8.24
το σπηλαιο τησ μελισσανησ,0,54,0%,10.7
lakes in kefalonia,0,54,0%,11.76
google maps kefalonia,0,54,0%,30.81
the cave opening hours,0,51,0%,7.22
athina hotel karavomylos kefalonia,0,51,0%,56.78
σπηλαιο μελισσανη τιμη,0,50,0%,6.2
kefalonia höhlensee,0,49,0%,16.92
κεφαλονιά,0,48,0%,2.19
zakynthos,0,47,0%,1
grotta melissani orari,0,47,0%,4.6
λιμνη μελισσανη τιμη,0,45,0%,16.4
capture argostoli and sail melissani lake,0,44,0%,4.66
podziemne jezioro melissani,0,43,0%,11.6
things to see in kefalonia,0,42,0%,1.17
sami greece,0,42,0%,2.52
what to do in greece,0,41,0%,1.68
melissani cave kefalonia photo,0,41,0%,3.71
melisana lake,0,40,0%,9.45
greece things to do,0,38,0%,1.08
λιμνη μελισσανη επικοινωνια,0,38,0%,2.87
melissani cave ωραριο,0,38,0%,7.82
melassani lake,0,38,0%,7.84
melissani cave swimming,0,38,0%,9.79
κεφαλονια λιμνη,0,38,0%,12.68
melissani beach kefalonia,0,37,0%,6.08
drogarati cave kefalonia,0,37,0%,9.35
things to see in greece,0,36,0%,1.03
kefalonia jaskinia,0,35,0%,3.2
kefalonia höhlen,0,34,0%,9.38
εικόνεσ σπήλαιο μελισσάνησ,0,34,0%,12.24
melssan lake,0,34,0%,13.26
cave lake,0,34,0%,24.53
assos kefalonia,0,32,0%,1
cefalonia cosa vedere,0,32,0%,2
σπηλια κεφαλονια,0,32,0%,2.16
grotta melissani cefalonia,0,32,0%,10.25
cave opening,0,32,0%,65.5
karavomylos,0,31,0%,2.03
μελισσανη ωρεσ λειτουργιασ,0,31,0%,4.58
kefalonia maps,0,31,0%,40.55
μελισσανη σπηλια,0,30,0%,10.9
argostoli melissani cave,0,29,0%,10.59
melissani lake in greece,0,28,0%,7.14
cephalonia caves,0,28,0%,10.46
lefkada,0,27,0%,1
sami cefalonia,0,27,0%,1.67
melissani cave opening hours kefalonia,0,27,0%,1.74
melissani grotte kefalonia,0,27,0%,6.19
grotta cefalonia,0,27,0%,8.07
melissani grotte,0,27,0%,8.41
kefalonia jaskinia melissani,0,27,0%,8.89
karavomilos taverna,0,27,0%,31.85
kefalonia sami,0,26,0%,1.65
lake cave opening hours,0,26,0%,10.54
αξιολογήσεις για σπήλαιο μελισσάνης,0,26,0%,10.54
cephalonie grotte,0,26,0%,12.15
lago sotterraneo cefalonia,0,26,0%,14.38
athina hotel sami,0,26,0%,39.88
kefalonia caves drogarati,0,26,0%,52.08
messalina cave,0,25,0%,6.16
tourist attractions in greece,0,24,0%,1
can you swim in melissani cave,0,24,0%,2.29
"sami, cephalonia",0,24,0%,2.67
how do you enter melissani cave,0,24,0%,4.67
melissani cave wikipedia,0,24,0%,9
drogarati caves kefalonia,0,24,0%,52.62
ionian emerald resort hotel,0,24,0%,102.08
fiskardo,0,23,0%,1
greece landmarks,0,23,0%,1
kefalonia bezienswaardigheden,0,23,0%,1.3
activities to do in greece,0,23,0%,1.91
caves sami,0,23,0%,5.96
melissane cave,0,23,0%,8.7
diamanto complex,0,23,0%,72.61
cave of the lakes greece,0,23,0%,74.22
caves in greece,0,23,0%,87.52
κεφαλονια αξιοθεατα,0,22,0%,1.5
cephalonia cave,0,22,0%,9.91
melissani and drogarati caves,0,22,0%,12.32
what to see in greece,0,21,0%,1.1
the caves ....drogarati cave and melissani lake,0,21,0%,10.9
activities in greece,0,20,0%,1.35
sehenswürdigkeiten kefalonia,0,20,0%,1.55
κεφαλονιά αξιοθέατα,0,20,0%,1.6
things to do near melissani cave,0,20,0%,29.75
greece,0,19,0%,1
places to see in greece,0,19,0%,1
ωραριο μελισσανησ,0,19,0%,7.26
cuevas de melissani,0,19,0%,11.11
kefalonia greece caves,0,19,0%,17.26
places to see in kefalonia,0,18,0%,1.17
bezienswaardigheden kefalonia,0,18,0%,1.39
natural landmarks in greece,0,18,0%,1.39
lake melisani,0,18,0%,7.78
melissanist,0,18,0%,11.06
grottes de melissani,0,18,0%,13.72
landmarks in greece,0,17,0%,1
top things to do in greece,0,17,0%,1.06
kefalonia what to do,0,17,0%,1.94
kefalonia map google,0,17,0%,26.71
things to do on kefalonia,0,16,0%,1.69
things to do in kefalonia greece,0,16,0%,2.19
messalini lake kefalonia,0,16,0%,6.12
kefalonia cave boat trip,0,16,0%,7.56
εικόνες σπήλαιο μελισσάνης,0,16,0%,11.06
kefalonia google maps,0,16,0%,25.94
drogarati caves,0,16,0%,43.25
athina hotel kefalonia,0,16,0%,68.38
cephalonie,0,15,0%,1.93
σπηλαιο κεφαλονιας,0,15,0%,2.67
melissani cave kefalonia photos,0,15,0%,2.87
λίμνη μελισσάνη κεφαλονιά,0,15,0%,4.73
cefalonia grotte,0,15,0%,5
σπηλια μελισσανης,0,15,0%,8.07
must see in greece,0,14,0%,1.21
kefalonia map,0,14,0%,1.29
σπηλαιο μελισανη,0,14,0%,5.14
ondergronds meer kefalonia,0,14,0%,5.86
grotte a cefalonia,0,14,0%,7.36
caverna de melissani,0,14,0%,7.86
melissani underground lake kefalonia,0,14,0%,9.43
limni melissani,0,14,0%,9.71
melissani grotta,0,14,0%,10.36
kefalonia greece cave,0,14,0%,11.86
μελισσανη κεφαλονια τιμη,0,14,0%,12.29
кефалония достопримечательности,0,13,0%,1.08
melissani cave entrance fee 2025,0,13,0%,1.54
best things to do in greece,0,13,0%,1.77
myrtos,0,13,0%,3
drogarati cave kefalonia opening hours,0,13,0%,6.54
kefalonia grotten,0,13,0%,37.08
ionian emerald hotel kefalonia,0,13,0%,90.23
greece natural attractions,0,12,0%,1
top 5 things to do in greece,0,12,0%,1
cefalonia que ver,0,12,0%,1.17
melissani cave opening hours 2025,0,12,0%,1.58
myrtos beach kefalonia,0,12,0%,1.92
meganisi caves kefalonia,0,12,0%,2.58
אגם מליסאני,0,12,0%,2.83
саблинские пещеры,0,12,0%,5.33
λιμνη μελισανη,0,12,0%,6.17
μελισσάνη ωράριο,0,12,0%,6.17
what time does the cave open,0,12,0%,9.83
what to wear in kefalonia,0,12,0%,9.92
пещера мелиссани сокровища,0,12,0%,11.33
kefalonia maps google,0,12,0%,33.42
famous landmarks in greece,0,11,0%,1
skala kefalonia,0,11,0%,1
greece activities,0,11,0%,1.09
κεφαλονιά σπηλιά,0,11,0%,3.73
underwater lake kefalonia,0,11,0%,9.73
caves in sami,0,11,0%,11.45
ionian emerald resort,0,11,0%,50.36
maps kefalonia,0,11,0%,59.73
diamanto complex kefalonia,0,11,0%,63.82
agia efimia kefalonia,0,10,0%,1
corfu,0,10,0%,1
kefalonia historical sites,0,10,0%,1
kefalonia mapa,0,10,0%,1
svoronata,0,10,0%,1
greece must see,0,10,0%,1.1
cosa vedere a cefalonia,0,10,0%,1.7
kefalonia látnivalók térképen,0,10,0%,2
kefalonia jezioro,0,10,0%,2.2
κεφαλονια χαρτησ,0,10,0%,2.9
λιμνοσπηλαιο κεφαλονια,0,10,0%,2.9
assassin's creed odyssey melissani cave spear location,0,10,0%,3.7
grotte de melissani avis,0,10,0%,6
μελισσανη cave,0,10,0%,6.4
melissa ni,0,10,0%,6.6
cave closing time,0,10,0%,8.5
lake cave entrance fee,0,10,0%,45.3
best things to see in greece,0,9,0%,1
cool things to do in greece,0,9,0%,1
kefalonia karte,0,9,0%,1
when should i go to abbest cave,0,9,0%,1
kefalonia atrakcje,0,9,0%,1.33
σάμη,0,9,0%,1.44
top things to do in kefalonia,0,9,0%,1.78
what is kefalonia famous for,0,9,0%,2
co vidět na kefalonii,0,9,0%,2.44
メリッサーニ洞窟,0,9,0%,3.78
melissani cave & lake,0,9,0%,4.44
grotta di melissani orari,0,9,0%,5
melissani cave.,0,9,0%,5.44
kefelonia,0,9,0%,6.78
cefalonia grotta,0,9,0%,7.89
mellissani,0,9,0%,7.89
melissani meer,0,9,0%,12
things to do in kefalonia for couples,0,9,0%,12.22
caves on kefalonia,0,9,0%,15.33
hotel athina sami,0,9,0%,29.11
melissani höhle assassins creed,0,9,0%,32.56
google map kefalonia,0,9,0%,35.67
cool places in greece,0,8,0%,1
famous places in greece,0,8,0%,1
fiscardo,0,8,0%,1
grecia,0,8,0%,1
korfu,0,8,0%,1
lixouri,0,8,0%,1
sites to see in greece,0,8,0%,1
דברים שאפשר לעשות בקפלוניה,0,8,0%,1
must do in greece,0,8,0%,1.12
what to visit in kefalonia,0,8,0%,1.12
αξιοθέατα κεφαλονιά,0,8,0%,1.25
must see in kefalonia,0,8,0%,1.5
κεφαλλονια,0,8,0%,1.62
lassi to melissani cave,0,8,0%,1.88
λιμνοσπήλαιο μελισσάνησ,0,8,0%,3.12
מערת מליסני קפלוניה,0,8,0%,4.25
what time does the cave close,0,8,0%,7.62
melissani cave drogarati cave,0,8,0%,8.88
jaskyna melissani,0,8,0%,9.62
melissani see kefalonia,0,8,0%,10.12
melissani cave treasure,0,8,0%,29.12
melidoni caves,0,8,0%,57.75
cefalonia maps,0,7,0%,1
greece tourist places,0,7,0%,1
must sees in greece,0,7,0%,1
poros kefalonia,0,7,0%,1
sami griechenland,0,7,0%,1
stuff to do in greece,0,7,0%,1
things to do greece,0,7,0%,1
what to see kefalonia,0,7,0%,1
xi beach,0,7,0%,1
ληξουρι,0,7,0%,1
must see places in greece,0,7,0%,1.29
κεφαλονια σαμη,0,7,0%,1.29
must see kefalonia,0,7,0%,1.57
kefalonia podziemne jezioro,0,7,0%,1.71
what to do in kefalonia greece,0,7,0%,1.86
skala to melissani cave,0,7,0%,2
cefalonia grecia,0,7,0%,2.29
καραβομυλοσ κεφαλονια,0,7,0%,2.43
koutavos lagoon,0,7,0%,3.86
σπηλαιο σαμη,0,7,0%,5.14
greece kefalonia,0,7,0%,5.43
λίμνη μελισσανη,0,7,0%,5.71
σπηλαιο μελισσανης κεφαλονια τιμες,0,7,0%,8.29
melidoni cave opening hours,0,7,0%,8.71
grotte sami cefalonia,0,7,0%,10.71
best caves in kefalonia,0,7,0%,12.29
google maps κεφαλονια,0,7,0%,43.57
kefalonija mapa,0,7,0%,47.14
cool things in greece,0,6,0%,1
kefalonia highlights,0,6,0%,1
sehenswürdigkeiten griechenland,0,6,0%,1
αργοστολι,0,6,0%,1
most beautiful places in kefalonia,0,6,0%,1.17
sami kefalonia map,0,6,0%,1.17
wat moet je zien op kefalonia,0,6,0%,1.17
what can you do in greece,0,6,0%,1.33
σπηλαιο,0,6,0%,1.33
kefalonija znamenitosti,0,6,0%,1.5
best things to do kefalonia,0,6,0%,1.83
kefalonia best things to do,0,6,0%,1.83
things to do in sami,0,6,0%,2
sami cephalonie,0,6,0%,2.33
drogarati cave reviews,0,6,0%,2.67
kefalinia,0,6,0%,2.67
kephalonia,0,6,0%,2.67
ainos oros,0,6,0%,3.17
קפלוניה אטרקציות,0,6,0%,4
λιμνη μελισσανη εισιτηριο,0,6,0%,5
kefalonia grot,0,6,0%,5.5
kefalonia island,0,6,0%,5.5
μελισσανη εισητηρια,0,6,0%,5.83
grotta kefalonia,0,6,0%,6.33
μελισσανθη κεφαλονια,0,6,0%,6.5
melissani recenzii,0,6,0%,7
caves of kefalonia,0,6,0%,7.5
kefalonija pecina melisani,0,6,0%,8
melissani jaskinia,0,6,0%,8.5
σπηλιεσ κεφαλονια,0,6,0%,8.83
melissani tó,0,6,0%,9.17
jaskinie melissani,0,6,0%,11.67
melidoni cave tickets,0,6,0%,39.83
opening of a cave,0,6,0%,42
sami acropolis,0,6,0%,51.33
ionian+emerald+resort+karavomylos,0,6,0%,89
agia effimia,0,5,0%,1
céphalonie,0,5,0%,1
fun places to visit in greece,0,5,0%,1
greece sightseeing,0,5,0%,1
greek landmarks,0,5,0%,1
ithaca greece,0,5,0%,1
lefkas,0,5,0%,1
lugares turisticos de grecia,0,5,0%,1
santorini,0,5,0%,1
sights to see in greece,0,5,0%,1
what are some fun things to do in greece,0,5,0%,1
what are things to do in greece,0,5,0%,1
αγια ευφημια κεφαλονια,0,5,0%,1
ασσοσ κεφαλονια,0,5,0%,1
ιθακη,0,5,0%,1
φισκαρδο,0,5,0%,1
fun activities to do in greece,0,5,0%,1.2
ithaca,0,5,0%,1.2
kefalonia greece things to do,0,5,0%,1.2
kefalonia must do,0,5,0%,1.2
what to do on kefalonia,0,5,0%,1.2
willy's cafe menu,0,5,0%,1.2
αντισαμος χαρτης,0,5,0%,1.2
cosa vedere cefalonia,0,5,0%,1.4
lago melissani cefalonia,0,5,0%,1.4
things to see in kefalonia greece,0,5,0%,1.4
wat te doen in kefalonia,0,5,0%,1.4
when to go to abbest cave,0,5,0%,1.4
μυρτοσ κεφαλονια,0,5,0%,1.6
melissani cave swimming allowed,0,5,0%,2
argostoli melissani see,0,5,0%,2.4
what to do in sami kefalonia,0,5,0%,2.6
karavomilos kefalonia,0,5,0%,2.8
σπηλαιο κεφαλονια,0,5,0%,2.8
melissani cave ac odyssey,0,5,0%,3
mont ainos,0,5,0%,3.2
top 10 bezienswaardigheden kefalonia,0,5,0%,3.6
kefallinia,0,5,0%,4
kefalonien,0,5,0%,4
kefaloniá,0,5,0%,4.4
pestera melissani kefalonia grecia,0,5,0%,4.4
kephallonia,0,5,0%,4.6
cephalonia greece,0,5,0%,5
melasani,0,5,0%,6.2
dmelissanist,0,5,0%,8
caves in kefalonia near sami,0,5,0%,13.8
map of kefalonia,0,5,0%,16.4
melissani-see,0,5,0%,17
grotta a cefalonia,0,5,0%,17.2
kefalonia nightlife,0,5,0%,52.6
athina beach hotel sami kefalonia,0,5,0%,65.4
cave of lakes greece,0,5,0%,74
cave greece,0,5,0%,80.2
kefalonia today,0,5,0%,89.8
aktueller standort,0,4,0%,1
asos kefalonia,0,4,0%,1
chania,0,4,0%,1
coolest places in greece,0,4,0%,1
fiskardo kefalonia,0,4,0%,1
greek tourist attractions,0,4,0%,1
ithaka,0,4,0%,1
kefalonia skala,0,4,0%,1
kefalonia zajímavá místa,0,4,0%,1
kreta,0,4,0%,1
lixouri kefalonia,0,4,0%,1
petani beach kefalonia,0,4,0%,1
sightseeing in greece,0,4,0%,1
sites in greece,0,4,0%,1
things to do,0,4,0%,1
things to do and see in greece,0,4,0%,1
things to do in karavomylos,0,4,0%,1
things to in greece,0,4,0%,1
what are some things to do in greece,0,4,0%,1
zakyntos,0,4,0%,1
zante,0,4,0%,1
πουλατα κεφαλονιασ,0,4,0%,1
греция,0,4,0%,1
кефалиния,0,4,0%,1
best things to do on kefalonia,0,4,0%,1.25
greece what to do,0,4,0%,1.25
kefalonia sightseeing,0,4,0%,1.25
kefalonia top things to do,0,4,0%,1.25
places to see kefalonia,0,4,0%,1.25
top 5 places to visit in greece,0,4,0%,1.25
what is there to do in greece,0,4,0%,1.25
what to see in kefalonia greece,0,4,0%,1.25
αξιοθεατα κεφαλονια,0,4,0%,1.25
antisamos beach,0,4,0%,1.5
sami griekenland,0,4,0%,1.5
spiaggia di myrtos,0,4,0%,1.5
kefalonia barlang,0,4,0%,1.75
sami kefalonie,0,4,0%,1.75
grotte cephalonie,0,4,0%,2
kefalonia karavomilos,0,4,0%,2
kefalonie zajímavosti,0,4,0%,2
things to do in kefalonia for families,0,4,0%,2
what to do kefalonia,0,4,0%,2
λιμνη μελισσανη κεφαλονια,0,4,0%,2
λιμνη μελισσανης,0,4,0%,2
kefalonia jaskinie,0,4,0%,2.25
lake near me,0,4,0%,2.25
melissani cave kefalonia description,0,4,0%,2.25
mirtos kefalonia,0,4,0%,2.25
kefalonya adası,0,4,0%,2.5
sami cephalonia,0,4,0%,2.5
κεφαλλονιά,0,4,0%,2.75
סאמי קפלוניה,0,4,0%,3
myrthos,0,4,0%,3.5
kefonia,0,4,0%,3.75
kafalonia,0,4,0%,4
kefalonia poros,0,4,0%,4
mount ainos kefalonia,0,4,0%,4.5
lake caves,0,4,0%,4.75
plaja myrtos,0,4,0%,4.75
озеро меліссані,0,4,0%,4.75
kefalonia drogarati cave,0,4,0%,5
σπήλαιο λίμνη μελισσάνη κεφαλονια,0,4,0%,6.5
drogarati,0,4,0%,6.75
mei's cave,0,4,0%,6.75
drogarati grot kefalonia,0,4,0%,7
höhlensee,0,4,0%,7
highlights kefalonia,0,4,0%,7.5
melissani lake in kefalonia,0,4,0%,8.25
mheliszaniiia,0,4,0%,9.5
cave di melissani,0,4,0%,11.25
kefalonia see höhle,0,4,0%,17
melissano maps,0,4,0%,32.5
melissani cave odyssey,0,4,0%,47.75
athina hotel sami kefalonia,0,4,0%,56.75
ionian emerald hotel,0,4,0%,94.5
argostoli kefalonia,0,3,0%,1
assos cefalonia,0,3,0%,1
athens,0,3,0%,1
bari,0,3,0%,1
cefalonia google maps,0,3,0%,1
cefalonia grotta di melissani,0,3,0%,1
cefalonia mappa,0,3,0%,1
fun places to go in greece,0,3,0%,1
greece natural landmarks,0,3,0%,1
greece places to see,0,3,0%,1
greece popular places,0,3,0%,1
greece top attractions,0,3,0%,1
greece tourist attraction,0,3,0%,1
griechenland,0,3,0%,1
griekenland,0,3,0%,1
interesting places in greece,0,3,0%,1
itaca,0,3,0%,1
kalamata,0,3,0%,1
kefalonia agia efimia,0,3,0%,1
kefalonia griechenland,0,3,0%,1
kefalonia kaart,0,3,0%,1
kefalonia sights to see,0,3,0%,1
kefalonia térkép,0,3,0%,1
kefalonie jeskyně,0,3,0%,1
keffalonia,0,3,0%,1
kos,0,3,0%,1
lassi kefalonia,0,3,0%,1
old vlachata,0,3,0%,1
paros,0,3,0%,1
patras,0,3,0%,1
places to visit in greece with family,0,3,0%,1
popular sites in greece,0,3,0%,1
poros,0,3,0%,1
sami grece,0,3,0%,1
"sami sami, grecia",0,3,0%,1
skiathos,0,3,0%,1
things in greece,0,3,0%,1
things to see and do in kefalonia,0,3,0%,1
things to visit in greece,0,3,0%,1
top 10 attractions in greece,0,3,0%,1
top 5 tourist attractions in greece,0,3,0%,1
top attractions in greece,0,3,0%,1
top things to see in greece,0,3,0%,1
tourist attractions greece,0,3,0%,1
tourist sites in greece,0,3,0%,1
tourist spots in greece,0,3,0%,1
xi beach kefalonia,0,3,0%,1
άσος κεφαλονιάς,0,3,0%,1
αξιοθέατα στην κεφαλονιά,0,3,0%,1
δρογκαρατη,0,3,0%,1
κεφαλονια παραλιες χαρτης,0,3,0%,1
ληξούρι,0,3,0%,1
μυρτος κεφαλονια,0,3,0%,1
attractions in kefalonia,0,3,0%,1.33
cefalonia melissani,0,3,0%,1.33
cosa vedere a sami cefalonia,0,3,0%,1.33
fun activities in greece,0,3,0%,1.33
insula kefalonia,0,3,0%,1.33
kefalonia co zobaczyć,0,3,0%,1.33
kefalonia strände karte,0,3,0%,1.33
lago di melissani cefalonia,0,3,0%,1.33
natural wonders in greece,0,3,0%,1.33
spiagge cefalonia mappa,0,3,0%,1.33
top 10 things to see in greece,0,3,0%,1.33
greece fun things to do,0,3,0%,1.67
grotta vicino a me,0,3,0%,1.67
to do kefalonia,0,3,0%,1.67
tropfsteinhöhle in der nähe,0,3,0%,1.67
σπήλαιο,0,3,0%,1.67
best places to visit near me,0,3,0%,2
jezioro kefalonia,0,3,0%,2
melissani cave kefalonia images,0,3,0%,2
que ver en cefalonia,0,3,0%,2
sightseeing kefalonia,0,3,0%,2
кефалонія,0,3,0%,2
cefalonia lago melissani,0,3,0%,2.33
jaskinie kefalonia,0,3,0%,2.33
karavomilos kefalonia greece,0,3,0%,2.33
melissani cave photos,0,3,0%,2.33
melissani cave spear,0,3,0%,2.33
κεφαλονιά χάρτησ,0,3,0%,2.33
קפלוניה יוון,0,3,0%,2.33
κεφαλονιά χάρτης,0,3,0%,2.67
сами кефалония,0,3,0%,2.67
ionian islands,0,3,0%,3
thessaloniki caves,0,3,0%,3
σάμη κεφαλονιά,0,3,0%,3
karavomylos kefalonia,0,3,0%,3.33
kefalonia grecia,0,3,0%,3.33
melassani,0,3,0%,3.33
grotta di melissani cefalonia,0,3,0%,3.67
kefalonya,0,3,0%,3.67
ainos mountain,0,3,0%,4
playa de myrtos,0,3,0%,4
north kefalonia,0,3,0%,4.33
kefalonia griekenland,0,3,0%,4.67
sami lake,0,3,0%,4.67
lake ferona cave,0,3,0%,5
melissani caves tour,0,3,0%,5
пляж миртос,0,3,0%,5
kefolonia,0,3,0%,5.67
recensioni di grotta lago melissani,0,3,0%,6
пещера мелиссани assassin's creed сокровища,0,3,0%,6
plaja myrtos kefalonia,0,3,0%,6.33
cave hours,0,3,0%,7.33
mesoles cave,0,3,0%,8.33
the cave hours,0,3,0%,8.33
kefalonia top attractions,0,3,0%,9.33
λιμνη μελισσανη πληροφοριεσ,0,3,0%,11.33
λιμνη μελισσανη τιμη 2024,0,3,0%,23
lake cave tour times,0,3,0%,27.33
kefalonia mapa google,0,3,0%,33.67
hotel melissani sami kefalonia,0,3,0%,39.33
green bay hotel kefalonia,0,3,0%,75.33
drogarati cave greece,0,3,0%,77.33
restaurants melissa,0,3,0%,82.67
melissa's restaurant,0,3,0%,85.33
restaurants in a cave,0,3,0%,90.67
cave in greece,0,3,0%,91.33
restaurants in melissa,0,3,0%,91.33
melissa restaurants,0,3,0%,101
melissa restaurant,0,3,0%,103.67
10 things to do in greece,0,2,0%,1
activites in greece,0,2,0%,1
albanie,0,2,0%,1
alghero,0,2,0%,1
antisamos,0,2,0%,1
antisamos beach kefalonia,0,2,0%,1
antisamos beach mappa,0,2,0%,1
asos griechenland,0,2,0%,1
assos grecia,0,2,0%,1
attractions greece,0,2,0%,1
beach near me,0,2,0%,1
caves near here,0,2,0%,1
cefalonia mappa google maps,0,2,0%,1
cool things to see in greece,0,2,0%,1
coolest places to visit in greece,0,2,0%,1
céphalonie que faire,0,2,0%,1
famous attractions in greece,0,2,0%,1
fteri beach map,0,2,0%,1
fun places in greece,0,2,0%,1
fun stuff to do in greece,0,2,0%,1
fun things to do at greece,0,2,0%,1